#ID,Status(Draft|Pending|Active|Blocked|Deleted),Sequence,Published,Name(English),Description(English),Name(Arabic),Description(Arabic),Name(Malesiya),Description(Malesiya),Name(aas),Description(aas),Name(fdg),Description(fdg),Name(Arabic),Description(Arabic),Name(Malesiya),Description(Malesiya),Name(aas),Description(aas),Name(Arabic),Description(Arabic),Name(Malesiya),Description(Malesiya),Name(aas),Description(aas),Name(Arabic),Description(Arabic),Name(Malesiya),Description(Malesiya),Name(aas),Description(aas)
1,Active,1,No,first,test cat 1,test cat 1 arabic,test cat 1 arabic,,,,,,,,,,,,,,,,,,,,,,,,
2,Active,2,Yes,second,test,test,test,,,,,,,,,,,,,,,,,,,,,,,,
4,Active,3,Yes,third,english des,arabic ,arebic des,,,,,,,,,,,,,,,,,,,,,,,,
6,Active,4,No,fourth,aas desc 11,,,,,,,,,,,,,,,,,,,,,,,,,,
7,Active,5,No,fifth,aas desc 222,,,,,,,,,,,,,,,,,,,,,,,,,,
8,Active,6,No,sixth,aas desc 333,,,,,,,,,,,,,,,,,,,,,,,,,,
9,Active,7,Yes,seventh,new aas des 1,,,,,,,,,,,,,,,,,,,,,,,,,,
10,Draft,8,Yes,eighth,new aas des 2,,,,,,,,,,,,,,,,,,,,,,,,,,
11,Active,9,No,nineth,test cat 111,test cat 1 arabic 111,test cat 1 arabic 111,m test 1211,m desc 11,aas test 11,aas desc 11,,,,,,,,,,,,,,,,,,,,
12,Active,10,No,tenth,test11,test111,test111,m test 222,m desc 222,aas test 222,aas desc 222,,,,,,,,,,,,,,,,,,,,
13,Active,11,No,english1,english des11,arabic 111,arebic des 11,m test 333,m desc 333,aas test 333,aas desc 333,,,,,,,,,,,,,,,,,,,,
14,Active,12,Yes,new eng 1,new eng d 1,new arb 1,new arb desv 1,new m 1,new m desv 1,new aas 1,new aas des 1,,,,,,,,,,,,,,,,,,,,
15,Draft,13,Yes,new eng 2,new end d 2,new arb 2,new arb desv 2,new m 2,new m desv 2,new aas 2,new aas des 2,,,,,,,,,,,,,,,,,,,,
16,Active,14,Yes,test new,test new desc,test new arbavi,test new ar des,test new m,test new desc m,test new aas,test new aas des,,,,,,,,,,,,,,,,,,,,
17,Pending,1,Yes,jhk,jhk,jhk,,jkh,,jhk,,,,,,,,,,,,,,,,,,,,,
18,Active,1,Yes,fgh,gfh,ghfg,gfhgf,gfhfg,hgfh,hgf,gfhgfh,gfg,fg,,,,,,,,,,,,,,,,,,
19,Active,1,Yes,fgh,gfh,ghfg,gfhgf,gfhfg,hgfh,hgf,gfhgfh,gfg,fg,,,,,,,,,,,,,,,,,,
20,Active,1,Yes,fgh,gfh,ghfg,gfhgf,gfhfg,hgfh,hgf,gfhgfh,gfg,fg,,,,,,,,,,,,,,,,,,
,Active,1,Yes,fgh,gfh,ghfg,gfhgf,gfhfg,hgfh,hgf,gfhgfh,gfg,fg,,,,,,,,,,,,,,,,,,
